,Time
0,2007-05-01T15:24:33.709
1,2007-05-01T15:59:16.782
2,2007-05-01T22:09:07.418
3,2007-05-01T22:37:21.536
4,2007-05-02T04:47:32.340
5,2007-05-02T05:21:09.147
6,2007-05-02T11:21:24.993
7,2007-05-02T12:10:46.818
8,2007-05-02T18:17:18.655
9,2007-05-02T18:49:11.740
10,2007-05-03T00:33:42.569
11,2007-05-03T02:00:59.063
12,2007-05-03T08:24:48.115
13,2007-05-03T14:13:28.163
14,2007-05-03T15:08:16.998
15,2007-05-03T21:15:23.409
16,2007-05-03T21:57:20.096
17,2007-05-05T07:20:11.524
18,2007-05-05T13:33:33.925
19,2007-05-05T14:13:28.163
20,2007-05-05T20:18:13.397
21,2007-05-05T20:46:53.445
22,2007-05-06T03:31:54.525
23,2007-05-06T09:42:38.463
24,2007-05-06T10:11:53.085
25,2007-05-09T04:49:07.418
26,2007-05-09T05:25:42.857
27,2007-05-09T11:37:10.012
28,2007-05-09T12:08:51.572
29,2007-05-10T01:33:20.960
30,2007-05-10T08:19:31.188
31,2007-05-16T11:36:35.438
32,2007-05-16T12:05:58.703
33,2007-05-17T01:05:58.703
34,2007-05-17T01:30:02.160
35,2007-05-17T14:22:19.735
36,2007-05-17T21:03:57.695
37,2007-05-17T21:43:17.358
38,2007-05-18T03:59:03.817
39,2007-05-18T04:24:42.352
40,2007-05-19T20:44:00.576
41,2007-05-20T03:24:33.709
42,2007-05-20T10:14:28.667
43,2007-05-20T16:56:02.304
44,2007-05-20T23:49:03.097
45,2007-05-21T05:53:44.009
46,2007-05-21T06:21:40.840
47,2007-05-21T13:10:00.720
48,2007-05-21T19:45:39.975
49,2007-05-22T02:30:28.091
50,2007-05-22T08:40:46.098
51,2007-05-22T09:13:19.519
52,2007-05-22T16:00:38.895
53,2007-05-23T06:21:23.553
54,2007-05-23T12:10:35.294
55,2007-05-23T18:48:06.914
56,2007-05-24T01:02:31.260
57,2007-05-24T01:34:12.821
58,2007-05-24T08:18:04.753
59,2007-05-24T15:00:21.608
60,2007-05-24T21:46:36.158
61,2007-05-26T13:44:13.541
62,2007-05-26T13:59:21.104
63,2007-05-26T20:20:14.405
64,2007-05-26T20:41:16.350
65,2007-05-27T23:04:32.268
66,2007-05-27T23:38:32.124
67,2007-05-28T13:01:04.825
68,2007-05-28T19:14:37.310
69,2007-05-28T19:44:35.150
70,2007-05-29T02:27:17.935
71,2007-05-29T15:20:18.727
72,2007-05-29T15:57:54.669
73,2007-05-29T21:56:36.878
74,2007-05-29T22:41:50.924
75,2007-05-30T12:04:23.625
76,2007-05-30T18:48:45.810
77,2007-05-31T01:31:06.986
78,2007-05-31T08:18:39.327
79,2007-05-31T14:58:55.174
80,2007-05-31T21:38:49.411
81,2007-06-02T00:29:27.587
82,2007-06-02T13:27:35.222
83,2007-06-02T13:55:38.535
84,2007-06-03T10:12:12.533
85,2007-06-03T16:20:44.657
86,2007-06-03T16:48:32.845
87,2007-06-04T05:55:49.339
88,2007-06-04T06:18:52.292
89,2007-06-04T13:06:33.277
90,2007-06-04T19:15:29.171
91,2007-06-04T19:40:43.987
92,2007-06-05T02:34:32.268
93,2007-06-05T09:21:19.231
94,2007-06-05T16:01:15.630
95,2007-06-05T22:52:54.309
96,2007-06-06T05:24:44.513
97,2007-06-06T12:14:13.541
98,2007-06-06T18:43:21.680
99,2007-06-07T01:36:05.186
100,2007-06-07T08:15:39.975
101,2007-06-07T14:58:50.852
102,2007-06-09T00:29:21.104
103,2007-06-09T07:12:10.372
104,2007-06-09T13:26:13.109
105,2007-06-09T13:57:09.291
106,2007-06-09T20:42:13.973
107,2007-06-10T03:22:19.735
108,2007-06-10T09:45:14.045
109,2007-06-10T10:09:20.384
110,2007-06-10T16:21:32.196
111,2007-06-10T16:57:21.536
112,2007-06-10T23:29:46.314
113,2007-06-11T06:18:01.872
114,2007-06-11T12:38:49.411
115,2007-06-11T12:57:46.026
116,2007-06-11T19:41:07.707
117,2007-06-12T02:25:03.961
118,2007-06-12T09:08:25.642
119,2007-06-12T15:59:34.069
120,2007-06-12T22:40:37.454
121,2007-06-13T05:23:59.135
122,2007-06-13T18:46:05.906
123,2007-06-14T01:28:53.013
124,2007-06-14T08:15:07.563
125,2007-06-16T00:37:01.368
126,2007-06-16T07:11:09.867
127,2007-06-16T14:00:17.286
128,2007-06-16T20:44:13.541
129,2007-06-17T03:24:07.779
130,2007-06-17T10:07:46.746
131,2007-06-17T16:51:25.714
132,2007-06-17T23:37:57.551
133,2007-06-18T13:02:57.190
134,2007-06-18T19:55:32.052
135,2007-06-19T02:30:15.126
136,2007-06-19T09:13:02.232
137,2007-06-19T15:57:33.061
138,2007-06-19T19:45:09.723
139,2007-06-19T22:46:05.906
140,2007-06-20T05:20:48.979
141,2007-06-20T18:52:08.931
142,2007-06-21T08:10:13.685
143,2007-06-21T14:54:09.939
144,2007-06-21T21:38:06.194
145,2007-06-22T04:21:27.875
146,2007-06-23T20:53:44.009
147,2007-06-24T03:28:09.795
148,2007-06-24T16:57:46.026
149,2007-06-25T06:18:43.649
150,2007-06-25T19:43:43.289
151,2007-06-26T02:26:30.396
152,2007-06-26T22:46:23.193
153,2007-06-27T05:22:15.414
154,2007-06-27T12:02:44.225
155,2007-06-28T01:31:45.882
156,2007-06-28T08:14:32.989
157,2007-06-29T04:23:11.596
158,2007-06-29T11:03:23.121
159,2007-06-29T17:50:29.531
160,2007-06-30T13:57:24.417
161,2007-07-01T10:08:21.320
162,2007-07-02T12:58:55.174
163,2007-07-02T19:43:26.002
164,2007-07-03T02:29:40.552
165,2007-07-03T09:14:45.954
166,2007-07-03T15:51:47.322
167,2007-07-03T22:37:27.298
168,2007-07-04T05:23:07.274
169,2007-07-04T12:03:01.512
170,2007-07-04T18:46:57.767
171,2007-07-05T01:34:56.068
172,2007-07-05T08:21:45.162
173,2007-07-05T14:54:27.226
174,2007-07-05T21:41:50.924
175,2007-07-06T04:29:14.621
176,2007-07-06T11:08:34.285
177,2007-07-06T17:47:02.088
178,2007-07-07T00:31:32.917
179,2007-07-07T07:18:56.614
180,2007-07-07T13:57:24.417
181,2007-07-07T20:41:20.672
182,2007-07-08T03:29:18.943
183,2007-07-08T10:10:05.042
184,2007-07-08T16:49:24.705
185,2007-07-08T23:34:47.394
186,2007-07-09T06:24:29.387
187,2007-07-09T12:59:47.034
188,2007-07-09T19:44:17.863
189,2007-07-10T00:31:32.917
190,2007-07-10T02:26:47.683
191,2007-07-10T09:13:36.806
192,2007-07-10T15:50:03.601
193,2007-07-10T22:35:26.290
194,2007-07-11T05:25:08.283
195,2007-07-11T12:11:22.833
196,2007-07-11T18:46:57.767
197,2007-07-12T08:15:24.849
198,2007-07-12T14:54:44.513
199,2007-07-12T21:37:48.907
200,2007-07-13T04:21:45.162
201,2007-07-13T11:10:00.720
202,2007-07-13T17:47:02.088
203,2007-07-14T00:32:07.490
204,2007-07-14T07:17:47.466
205,2007-07-14T14:08:21.320
206,2007-07-15T03:31:02.665
207,2007-07-15T10:16:25.354
208,2007-07-15T16:57:28.739
209,2007-07-15T23:35:39.255
210,2007-07-16T06:21:01.944
211,2007-07-16T13:10:09.363
212,2007-07-16T19:43:26.002
213,2007-07-17T02:26:13.109
214,2007-07-17T09:11:53.085
215,2007-07-17T16:01:35.078
216,2007-07-17T22:32:33.421
217,2007-07-18T05:17:38.823
218,2007-07-18T18:50:07.923
219,2007-07-19T01:31:28.595
220,2007-07-19T08:13:41.128
221,2007-07-19T15:02:31.260
222,2007-07-19T21:37:48.907
223,2007-07-20T11:05:58.703
224,2007-07-20T17:52:13.253
225,2007-07-21T00:29:14.621
226,2007-07-21T07:16:38.319
227,2007-07-21T14:08:55.894
228,2007-07-21T20:45:22.689
229,2007-07-22T03:24:42.352
230,2007-07-22T10:06:37.599
231,2007-07-22T16:55:10.444
232,2007-07-23T13:06:24.633
233,2007-07-23T19:48:02.593
234,2007-07-24T02:28:31.404
235,2007-07-24T09:11:53.085
236,2007-07-24T15:56:58.487
237,2007-07-24T22:37:10.012
238,2007-07-25T05:18:13.397
239,2007-07-25T12:03:53.373
240,2007-07-25T18:52:43.505
241,2007-07-26T01:31:28.595
242,2007-07-26T08:11:57.406
243,2007-07-26T14:57:54.669
244,2007-07-26T21:39:32.629
245,2007-07-27T04:15:59.423
246,2007-07-27T11:03:05.834
247,2007-07-27T17:55:40.696
248,2007-07-28T00:32:07.490
249,2007-07-28T07:15:29.171
250,2007-07-28T14:00:51.860
251,2007-07-28T20:55:10.444
252,2007-07-29T03:25:51.500
253,2007-07-29T10:08:21.320
254,2007-07-29T16:54:35.870
255,2007-07-29T23:43:43.289
256,2007-07-30T06:18:43.649
257,2007-07-30T13:00:56.182
258,2007-07-30T19:48:54.453
259,2007-07-31T02:30:15.126
260,2007-07-31T09:09:00.216
261,2007-07-31T15:53:31.044
262,2007-07-31T22:46:57.767
263,2007-08-01T05:22:15.414
264,2007-08-01T12:04:27.947
265,2007-08-01T18:52:08.931
266,2007-08-02T01:36:39.759
267,2007-08-02T08:09:39.111
268,2007-08-02T14:53:52.653
269,2007-08-03T04:23:28.883
270,2007-08-03T11:07:07.851
271,2007-08-03T17:48:11.236
272,2007-08-04T00:34:25.786
273,2007-08-04T07:12:53.589
274,2007-08-04T13:56:49.843
275,2007-08-04T20:41:55.246
276,2007-08-05T03:27:35.222
277,2007-08-05T16:50:16.566
278,2007-08-05T23:41:07.707
279,2007-08-06T06:20:27.370
280,2007-08-07T02:30:49.699
281,2007-08-07T09:12:00.000
282,2007-08-07T15:52:04.609
283,2007-08-07T22:36:35.438
284,2007-08-08T05:28:01.152
285,2007-08-08T12:04:27.947
286,2007-08-08T18:46:57.767
287,2007-08-09T08:14:15.702
288,2007-08-09T14:58:46.530
289,2007-08-09T21:40:41.776
290,2007-08-10T04:35:00.360
291,2007-08-10T11:06:39.898
292,2007-08-10T17:50:28.846
293,2007-08-11T00:37:50.951
294,2007-08-11T07:23:23.744
295,2007-08-11T13:57:15.576
296,2007-08-11T20:42:15.576
297,2007-08-12T03:28:33.461
298,2007-08-12T10:10:05.769
299,2007-08-12T16:52:55.961
300,2007-08-12T23:33:10.384
301,2007-08-13T06:22:04.038
302,2007-08-13T13:03:36.346
303,2007-08-13T19:45:08.653
304,2007-08-14T02:33:36.346
305,2007-08-14T09:19:28.269
306,2007-08-14T15:56:40.961
307,2007-08-14T22:36:55.384
308,2007-08-15T05:27:58.846
309,2007-08-15T12:05:37.500
310,2007-08-15T18:43:42.115
311,2007-08-16T01:27:50.192
312,2007-08-16T08:20:11.538
313,2007-08-16T15:00:25.961
314,2007-08-16T21:38:30.576
315,2007-08-17T04:27:24.230
316,2007-08-17T11:13:42.115
317,2007-08-17T15:01:22.112
318,2007-08-17T17:48:45.000
319,2007-08-18T00:31:09.230
320,2007-08-18T07:20:02.884
321,2007-08-18T14:07:12.692
322,2007-08-18T20:40:05.769
323,2007-08-19T03:27:41.538
324,2007-08-19T10:18:45.000
325,2007-08-19T16:52:55.961
326,2007-08-19T23:34:28.269
327,2007-08-20T06:24:39.807
328,2007-08-20T13:03:36.346
329,2007-08-20T19:46:26.538
330,2007-08-21T02:31:26.538
331,2007-08-21T09:17:18.461
332,2007-08-21T15:53:13.269
333,2007-08-21T22:40:49.038
334,2007-08-22T05:24:31.153
335,2007-08-22T12:12:32.884
336,2007-08-22T18:45:51.923
337,2007-08-23T01:28:42.115
338,2007-08-23T15:02:09.807
339,2007-08-23T21:44:34.038
340,2007-08-24T04:22:38.653
341,2007-08-24T11:15:00.000
342,2007-08-24T17:51:46.730
343,2007-08-25T00:35:28.846
344,2007-08-25T07:17:53.076
345,2007-08-25T14:06:46.730
346,2007-08-25T20:48:19.038
347,2007-08-26T02:38:10.516
348,2007-08-26T03:24:39.807
349,2007-08-26T10:12:41.538
350,2007-08-26T16:58:59.423
351,2007-08-26T23:35:20.192
352,2007-08-27T06:18:36.346
353,2007-08-27T13:12:41.538
354,2007-08-27T19:50:20.192
355,2007-08-28T02:29:42.692
356,2007-08-28T09:14:16.730
357,2007-08-28T15:58:50.769
358,2007-08-28T22:39:05.192
359,2007-08-29T05:18:53.653
360,2007-08-29T12:09:05.192
361,2007-08-29T18:50:37.500
362,2007-08-30T01:35:11.538
363,2007-08-30T08:14:34.038
364,2007-08-30T14:09:56.398
365,2007-08-30T15:02:09.807
366,2007-08-30T20:33:25.282
367,2007-08-30T21:40:40.384
368,2007-08-31T03:15:20.528
369,2007-08-31T04:23:30.576
370,2007-08-31T10:00:25.930
371,2007-08-31T11:07:38.653
372,2007-08-31T16:49:16.062
373,2007-08-31T17:55:40.384
374,2007-09-01T00:35:54.807
375,2007-09-01T07:17:01.153
376,2007-09-01T14:01:09.230
377,2007-09-01T20:48:45.000
378,2007-09-02T03:28:33.461
379,2007-09-02T10:08:21.923
380,2007-09-02T16:58:33.461
381,2007-09-02T23:40:05.769
382,2007-09-03T06:19:28.269
383,2007-09-03T12:04:32.268
384,2007-09-03T13:03:36.346
385,2007-09-03T18:34:30.108
386,2007-09-03T19:48:36.346
387,2007-09-04T02:28:24.807
388,2007-09-04T08:29:18.943
389,2007-09-04T09:13:24.807
390,2007-09-04T15:55:49.038
391,2007-09-04T22:43:50.769
392,2007-09-05T05:23:13.269
393,2007-09-05T12:12:58.846
394,2007-09-05T17:36:44.081
395,2007-09-05T18:59:16.730
396,2007-09-06T01:38:39.230
397,2007-09-06T08:15:00.000
398,2007-09-06T15:00:25.961
399,2007-09-06T21:47:09.807
400,2007-09-07T03:42:47.106
401,2007-09-07T04:24:22.500
402,2007-09-07T10:13:54.093
403,2007-09-07T11:02:01.153
404,2007-09-07T17:01:17.791
405,2007-09-07T17:52:12.692
406,2007-09-08T00:36:20.769
407,2007-09-08T07:15:17.307
408,2007-09-08T12:48:54.453
409,2007-09-08T14:03:19.038
410,2007-09-08T19:59:55.678
411,2007-09-08T20:49:10.961
412,2007-09-09T01:50:59.783
413,2007-09-09T03:29:51.346
414,2007-09-09T09:19:00.936
415,2007-09-09T10:06:12.115
416,2007-09-09T16:06:59.207
417,2007-09-09T16:59:25.384
418,2007-09-09T22:56:06.626
419,2007-09-09T23:45:17.307
420,2007-09-10T19:50:20.192
421,2007-09-11T01:22:54.309
422,2007-09-11T02:33:36.346
423,2007-09-11T08:02:39.903
424,2007-09-11T09:18:36.346
425,2007-09-11T15:57:06.923
426,2007-09-11T22:50:46.153
427,2007-09-12T04:45:44.297
428,2007-09-12T05:26:40.961
429,2007-09-12T12:06:03.461
430,2007-09-12T18:10:26.650
431,2007-09-12T18:51:55.384
432,2007-09-13T01:42:06.923
433,2007-09-13T07:42:12.533
434,2007-09-13T08:18:53.653
435,2007-09-13T13:56:02.304
436,2007-09-13T14:53:30.576
437,2007-09-13T21:43:26.002
438,2007-09-14T03:31:15.630
439,2007-09-14T04:31:24.273
440,2007-09-14T10:11:27.154
441,2007-09-14T11:07:16.494
442,2007-09-14T23:45:05.402
443,2007-09-15T00:40:50.420
444,2007-09-15T06:41:42.280
445,2007-09-15T07:24:03.457
446,2007-09-15T14:01:39.399
447,2007-09-15T20:46:23.193
448,2007-09-16T03:36:57.046
449,2007-09-16T10:13:15.198
450,2007-09-16T16:56:02.304
451,2007-09-16T23:41:12.028
452,2007-09-17T06:27:52.509
453,2007-09-17T12:12:01.728
454,2007-09-17T13:08:04.033
455,2007-09-17T15:55:14.765
456,2007-09-17T19:47:49.627
457,2007-09-18T01:41:20.672
458,2007-09-18T02:37:57.551
459,2007-09-18T08:17:12.893
460,2007-09-18T09:19:13.901
461,2007-09-18T15:56:49.843
462,2007-09-18T21:29:14.621
463,2007-09-18T22:41:20.672
464,2007-09-19T05:33:25.282
465,2007-09-19T11:26:21.752
466,2007-09-19T12:04:32.268
467,2007-09-19T18:46:27.515
468,2007-09-20T01:33:33.925
469,2007-09-20T07:50:25.210
470,2007-09-20T08:20:14.405
471,2007-09-20T15:00:12.965
472,2007-09-20T21:42:34.141
473,2007-09-21T04:37:27.298
474,2007-09-21T10:22:24.057
475,2007-09-21T11:18:04.753
476,2007-09-21T17:54:35.870
477,2007-09-21T23:56:19.591
478,2007-09-22T00:45:35.654
479,2007-09-22T07:27:04.969
480,2007-09-22T14:07:16.494
481,2007-09-22T20:10:43.937
482,2007-09-22T20:50:16.566
483,2007-09-23T02:35:56.542
484,2007-09-23T03:32:37.743
485,2007-09-23T10:17:08.571
486,2007-09-23T15:56:54.165
487,2007-09-23T17:00:21.608
488,2007-09-24T12:39:11.020
489,2007-09-24T13:10:39.615
490,2007-09-24T18:51:34.357
491,2007-09-24T19:49:07.418
492,2007-09-25T16:00:04.321
493,2007-09-25T22:36:35.438
494,2007-09-26T04:34:17.142
495,2007-09-26T05:25:25.570
496,2007-09-26T11:21:49.483
497,2007-09-26T12:10:09.363
498,2007-09-26T18:00:43.217
499,2007-09-26T18:52:53.470
500,2007-09-27T00:39:45.594
501,2007-09-27T01:36:08.507
502,2007-09-27T07:32:46.386
503,2007-09-28T11:12:14.693
504,2007-09-28T16:55:19.087
505,2007-09-28T17:58:29.243
506,2007-09-29T00:38:40.768
507,2007-09-29T04:24:38.031
508,2007-09-29T07:19:44.153
509,2007-09-29T13:11:27.154
510,2007-09-29T14:09:52.076
511,2007-09-29T20:48:06.914
512,2007-09-30T03:30:02.160
513,2007-09-30T09:04:32.268
514,2007-09-30T10:22:19.735
515,2007-09-30T17:03:49.051
516,2007-09-30T23:09:00.216
517,2007-09-30T23:42:03.889
518,2007-10-01T05:51:12.749
519,2007-10-01T06:35:39.255
520,2007-10-01T13:19:44.153
521,2007-10-01T18:46:31.836
522,2007-10-01T19:56:28.235
523,2007-10-02T02:32:46.386
524,2007-10-02T22:39:36.950
525,2007-10-03T04:50:33.853
526,2007-10-03T05:21:06.266
527,2007-10-03T11:36:13.829
528,2007-10-03T12:06:41.920
529,2007-10-03T18:23:54.813
530,2007-10-03T19:00:43.217
531,2007-10-04T01:40:54.741
532,2007-10-04T07:47:02.088
533,2007-10-04T08:23:15.918
534,2007-10-04T14:19:44.153
535,2007-10-04T15:04:58.199
536,2007-10-04T21:47:45.306
537,2007-10-05T04:27:30.900
538,2007-10-05T10:32:07.490
539,2007-10-05T11:19:22.545
540,2007-10-05T18:05:24.129
541,2007-10-05T23:55:32.052
542,2007-10-06T00:41:42.280
543,2007-10-06T06:26:47.683
544,2007-10-06T07:28:22.761
545,2007-10-06T14:12:53.589
546,2007-10-06T19:35:13.757
547,2007-10-06T20:53:44.009
548,2007-10-07T02:46:05.906
549,2007-10-07T03:36:05.186
550,2007-10-07T09:19:31.188
551,2007-10-07T10:14:58.919
552,2007-10-07T16:21:01.944
553,2007-10-07T17:08:08.355
554,2007-10-07T22:57:11.452
555,2007-10-07T23:41:12.028
556,2007-10-08T05:37:22.977
557,2007-10-08T06:22:41.344
558,2007-10-08T12:31:41.560
559,2007-10-08T13:08:55.894
560,2007-10-08T19:53:26.722
561,2007-10-09T01:53:31.044
562,2007-10-09T02:23:59.351
563,2007-10-09T08:32:59.351
564,2007-10-09T09:13:36.806
565,2007-10-09T15:20:48.979
566,2007-10-09T16:03:18.799
567,2007-10-09T22:07:20.816
568,2007-10-09T22:50:25.210
569,2007-10-10T04:36:26.794
570,2007-10-10T05:24:46.674
571,2007-10-10T11:37:05.690
572,2007-10-10T12:18:22.040
573,2007-10-10T18:15:33.493
574,2007-10-10T18:51:12.749
575,2007-10-11T00:46:49.123
576,2007-10-11T01:42:38.463
577,2007-10-11T07:43:26.002
578,2007-10-11T08:24:59.639
579,2007-10-11T14:17:51.788
580,2007-10-11T15:05:50.060
581,2007-10-11T21:06:24.633
582,2007-10-11T21:52:30.540
583,2007-10-12T03:46:53.445
584,2007-10-12T04:30:32.412
585,2007-10-12T10:30:58.343
586,2007-10-12T11:13:19.519
587,2007-10-12T17:07:42.424
588,2007-10-12T18:02:09.651
589,2007-10-12T23:48:19.879
590,2007-10-13T00:49:03.097
591,2007-10-13T13:12:36.302
592,2007-10-13T14:04:53.877
593,2007-10-13T20:09:30.468
594,2007-10-13T20:54:09.939
595,2007-10-14T02:42:12.533
596,2007-10-14T03:38:40.768
597,2007-10-14T10:21:27.875
598,2007-10-14T15:57:50.348
599,2007-10-14T17:05:58.703
600,2007-10-14T23:50:42.496
601,2007-10-15T06:25:42.857
602,2007-10-15T12:21:45.162
603,2007-10-15T13:08:55.894
604,2007-10-15T18:57:37.382
605,2007-10-15T20:02:05.330
606,2007-10-16T01:53:48.331
607,2007-10-16T02:35:47.899
608,2007-10-16T08:07:03.529
609,2007-10-16T09:12:44.945
610,2007-10-16T15:30:10.804
611,2007-10-16T15:54:14.261
612,2007-10-16T22:10:30.972
613,2007-10-16T22:40:02.881
614,2007-10-18T00:57:46.026
615,2007-10-18T01:41:46.602
616,2007-10-18T07:34:38.751
617,2007-10-18T08:16:46.962
618,2007-10-18T14:15:24.849
619,2007-10-18T15:03:14.477
620,2007-10-18T21:07:16.494
621,2007-10-18T21:34:47.394
622,2007-10-19T04:38:19.159
623,2007-10-19T10:25:47.178
624,2007-10-19T11:10:18.007
625,2007-10-19T17:04:40.912
626,2007-10-19T17:59:21.104
627,2007-10-20T00:04:27.947
628,2007-10-20T00:38:14.837
629,2007-10-20T06:33:16.638
630,2007-10-20T07:23:37.527
631,2007-10-20T13:20:40.336
632,2007-10-20T14:07:16.494
633,2007-10-20T20:52:26.218
634,2007-10-21T02:40:28.811
635,2007-10-21T03:41:16.350
636,2007-10-21T09:24:16.422
637,2007-10-21T10:20:36.014
638,2007-10-21T16:04:10.660
639,2007-10-21T17:00:21.608
640,2007-10-21T23:36:52.725
641,2007-10-22T05:44:52.436
642,2007-10-22T06:22:41.344
643,2007-10-22T12:26:47.683
644,2007-10-22T13:04:36.590
645,2007-10-22T19:07:33.781
646,2007-10-22T19:48:15.558
647,2007-10-23T01:54:57.478
648,2007-10-23T02:27:35.222
649,2007-10-23T08:33:59.855
650,2007-10-23T09:14:28.667
651,2007-10-23T22:06:11.668
652,2007-10-23T22:46:05.906
653,2007-10-24T04:48:50.132
654,2007-10-24T05:34:30.108
655,2007-10-24T11:24:07.779
656,2007-10-24T12:05:24.129
657,2007-10-24T18:19:09.579
658,2007-10-24T18:41:16.350
659,2007-10-25T00:52:34.861
660,2007-10-25T01:27:04.969
661,2007-10-25T07:51:47.322
662,2007-10-25T08:19:48.475
663,2007-10-25T14:15:07.563
664,2007-10-25T15:02:22.617
665,2007-10-25T20:54:27.226
666,2007-10-25T21:48:11.236
667,2007-10-26T03:41:42.280
668,2007-10-26T04:40:02.881
669,2007-10-26T10:32:42.064
670,2007-10-26T11:16:46.962
671,2007-10-26T17:09:08.859
672,2007-10-26T17:53:18.079
673,2007-10-26T23:54:05.618
674,2007-10-27T00:45:09.723
675,2007-10-27T06:39:02.376
676,2007-10-27T07:29:14.621
677,2007-10-27T13:08:25.642
678,2007-10-27T14:08:08.355
679,2007-10-27T19:55:49.339
680,2007-10-27T20:49:50.636
681,2007-10-28T03:02:13.973
682,2007-10-28T03:30:54.021
683,2007-10-28T09:40:50.420
684,2007-10-28T10:13:15.198
685,2007-10-28T16:21:53.805
686,2007-10-28T16:59:03.817
687,2007-10-28T23:00:56.182
688,2007-10-28T23:43:21.680
689,2007-10-29T02:37:31.620
690,2007-10-29T05:52:04.609
691,2007-10-29T06:33:29.603
692,2007-10-29T12:27:30.900
693,2007-10-29T13:09:47.755
694,2007-10-29T19:48:15.558
695,2007-10-30T01:51:30.036
696,2007-10-30T02:37:35.942
697,2007-10-30T09:24:50.996
698,2007-10-30T15:22:58.631
699,2007-10-30T16:02:26.938
700,2007-10-30T22:11:48.763
701,2007-10-30T22:49:07.418
702,2007-10-31T04:46:49.123
703,2007-10-31T05:22:37.022
704,2007-10-31T11:34:30.108
705,2007-10-31T12:19:13.901
706,2007-10-31T18:16:25.354
707,2007-10-31T18:52:04.609
708,2007-11-01T00:59:47.034
709,2007-11-01T01:46:05.906
710,2007-11-01T07:44:09.219
711,2007-11-01T08:29:24.705
712,2007-11-01T14:19:00.936
713,2007-11-01T15:09:49.195
714,2007-11-01T21:19:48.475
715,2007-11-01T21:51:41.560
716,2007-11-02T03:51:12.749
717,2007-11-02T04:32:29.099
718,2007-11-02T10:27:22.256
719,2007-11-02T11:21:43.721
720,2007-11-02T18:01:22.112
721,2007-11-03T00:06:46.242
722,2007-11-03T00:41:30.756
723,2007-11-03T06:47:40.984
724,2007-11-03T07:29:36.230
725,2007-11-03T13:35:39.255
726,2007-11-03T14:10:35.294
727,2007-11-03T20:11:14.189
728,2007-11-03T20:48:02.593
729,2007-11-04T02:48:50.132
730,2007-11-04T03:28:35.726
731,2007-11-04T22:56:28.235
732,2007-11-04T23:37:57.551
733,2007-11-05T05:36:22.472
734,2007-11-05T06:35:00.360
735,2007-11-05T12:16:59.927
736,2007-11-05T13:13:45.450
737,2007-11-05T19:13:36.806
738,2007-11-05T19:55:32.052
739,2007-11-06T01:59:51.356
740,2007-11-06T02:44:13.541
741,2007-11-06T08:37:01.368
742,2007-11-06T09:25:08.283
743,2007-11-06T15:10:43.937
744,2007-11-06T16:10:48.259
745,2007-11-06T22:09:56.398
746,2007-11-06T22:43:56.254
747,2007-11-07T04:52:34.861
748,2007-11-07T05:34:21.464
749,2007-11-07T11:38:49.411
750,2007-11-07T12:16:33.997
751,2007-11-07T18:20:01.440
752,2007-11-07T18:53:00.435
753,2007-11-08T00:49:50.636
754,2007-11-08T01:37:22.977
755,2007-11-08T07:48:19.879
756,2007-11-08T08:27:13.613
757,2007-11-08T14:26:56.326
758,2007-11-08T15:16:46.962
759,2007-11-08T21:50:55.462
760,2007-11-09T03:52:39.183
761,2007-11-09T04:33:33.925
762,2007-11-09T10:43:21.680
763,2007-11-09T11:16:46.962
764,2007-11-09T17:26:08.787
765,2007-11-09T18:07:20.816
766,2007-11-10T00:02:26.938
767,2007-11-10T00:40:11.524
768,2007-11-10T06:32:24.777
769,2007-11-10T07:32:20.456
770,2007-11-10T13:31:19.951
771,2007-11-10T14:15:07.563
772,2007-11-10T20:03:36.086
773,2007-11-10T20:55:10.444
774,2007-11-11T02:53:18.079
775,2007-11-11T03:36:48.403
776,2007-11-11T09:46:01.584
777,2007-11-11T10:26:04.465
778,2007-11-11T16:17:43.145
779,2007-11-11T17:02:57.190
780,2007-11-11T22:55:27.731
781,2007-11-11T23:44:26.506
782,2007-11-12T05:35:39.255
783,2007-11-12T06:34:25.786
784,2007-11-12T12:30:49.699
785,2007-11-12T13:15:29.171
786,2007-11-12T19:14:37.310
787,2007-11-12T19:52:56.470
788,2007-11-13T02:00:43.217
789,2007-11-13T02:32:59.351
790,2007-11-13T08:40:28.811
791,2007-11-13T09:21:06.266
792,2007-11-13T15:24:42.352
793,2007-11-13T15:53:31.044
794,2007-11-13T22:20:01.440
795,2007-11-13T22:45:39.975
796,2007-11-14T04:47:32.340
797,2007-11-14T05:27:00.648
798,2007-11-14T11:28:27.082
799,2007-11-14T12:11:40.120
800,2007-11-14T18:17:43.145
801,2007-11-14T18:57:46.026
802,2007-11-15T00:59:55.678
803,2007-11-15T01:39:58.559
804,2007-11-15T07:39:58.559
805,2007-11-15T08:15:24.849
806,2007-11-15T14:22:19.735
807,2007-11-15T15:12:10.372
808,2007-11-15T21:07:25.138
809,2007-11-15T21:57:50.348
810,2007-11-16T04:00:08.643
811,2007-11-16T04:30:23.769
812,2007-11-16T10:35:00.360
813,2007-11-16T11:09:17.503
814,2007-11-16T17:23:15.918
815,2007-11-16T17:48:02.593
816,2007-11-17T00:00:08.643
817,2007-11-17T00:41:55.246
818,2007-11-17T06:48:06.914
819,2007-11-17T07:18:56.614
820,2007-11-17T13:38:49.411
821,2007-11-17T14:12:49.267
822,2007-11-17T20:19:18.223
823,2007-11-17T20:44:04.897
824,2007-11-18T02:57:28.739
825,2007-11-18T03:39:32.629
826,2007-11-18T09:31:54.525
827,2007-11-18T10:19:44.153
828,2007-11-18T16:20:36.014
829,2007-11-18T16:57:46.026
830,2007-11-19T05:46:01.584
831,2007-11-19T06:27:13.613
832,2007-11-19T12:28:57.334
833,2007-11-19T13:10:26.650
834,2007-11-19T19:14:37.310
835,2007-11-19T19:56:41.200
836,2007-11-20T01:55:14.765
837,2007-11-20T02:44:48.115
838,2007-11-20T08:39:19.663
839,2007-11-20T09:22:15.414
840,2007-11-20T15:20:57.623
841,2007-11-20T16:07:03.529
842,2007-11-20T22:09:21.824
843,2007-11-20T22:49:41.992
844,2007-11-21T04:48:06.914
845,2007-11-21T05:31:54.525
846,2007-11-21T11:27:35.222
847,2007-11-21T12:22:02.448
848,2007-11-21T18:19:09.579
849,2007-11-21T19:06:07.346
850,2007-11-22T01:03:23.121
851,2007-11-22T01:52:21.896
852,2007-11-22T07:56:23.913
853,2007-11-22T14:36:44.081
854,2007-11-22T15:03:49.051
855,2007-11-22T21:24:25.066
856,2007-11-22T21:51:30.036
857,2007-11-23T04:00:08.643
858,2007-11-23T04:34:25.786
859,2007-11-23T10:54:01.296
860,2007-11-23T11:16:29.675
861,2007-11-23T17:26:26.074
862,2007-11-23T17:52:04.609
863,2007-11-24T00:12:49.267
864,2007-11-24T00:57:11.452
865,2007-11-24T06:59:38.391
866,2007-11-24T07:36:13.829
867,2007-11-24T13:43:43.289
868,2007-11-24T14:12:49.267
869,2007-11-24T20:33:16.638
870,2007-11-24T21:08:08.355
871,2007-11-25T03:08:34.285
872,2007-11-25T03:50:20.888
873,2007-11-25T09:59:34.069
874,2007-11-25T10:23:28.883
875,2007-11-25T16:28:48.691
876,2007-11-25T17:12:01.728
877,2007-11-26T06:02:44.225
878,2007-11-26T06:45:57.262
879,2007-11-26T12:55:01.800
880,2007-11-26T13:36:13.829
881,2007-11-26T19:31:02.665
882,2007-11-26T20:15:24.849
883,2007-11-27T02:26:21.752
884,2007-11-27T03:16:29.675
885,2007-11-27T09:12:01.728
886,2007-11-27T09:48:02.593
887,2007-11-27T22:40:28.811
888,2007-11-27T23:22:32.701
889,2007-11-28T05:29:01.656
890,2007-11-28T06:00:25.930
891,2007-11-28T12:11:40.120
892,2007-11-28T12:44:48.115
893,2007-11-28T19:01:22.112
894,2007-11-28T19:35:21.968
895,2007-11-29T01:44:00.576
896,2007-11-29T02:33:51.212
897,2007-11-29T08:30:58.343
898,2007-11-29T09:14:45.954
899,2007-11-29T15:15:11.884
900,2007-11-29T15:52:21.896
901,2007-11-29T21:51:30.036
902,2007-11-29T22:41:20.672
903,2007-11-30T04:46:05.906
904,2007-11-30T05:36:48.403
